1,F98ER2,Somchai skibidi,Paris,2025-10-29
2,4S8UR3,Teerapat sealee,London,2026-01-01
3,ZPZXH0,Kmitl cecs,Bangkok,2025-03-27
4,Y6H7OM,Supawit witpasu,Hong Kong,2025-02-29
5,H35ADW,Prayut janocha,Dubai,2025-04-04
6,BM2MSD,Taksin chinnawat,Dubai,2025-04-04
7,TYGUWS,Tung Tung,Bali,2025-06-07
8,QW8RPL,Anucha namsai,Singapore,2025-07-12
9,KS93DF,kmitl ce,Seoul,2025-09-21
10,LV2HGA,Thanakorn saelee,Tokyo,2026-03-15
11,ZK7XQ9,Kanyarat rattanaporn,Sydney,2025-12-11
12,RT5MNE,Sirilak khumdee,Chiang Mai,2025-11-05
13,UG8ZPW,Arthit wongchai,Los Angeles,2026-02-20
14,DN3FYL,Chanikan phasuk,Phuket,2025-08-18
15,XH4VQT,Napaporn sawadee,paris,2026-01-30
